<?xml version="1.0" encoding="UTF-8"?>
<project-private xmlns="http://www.netbeans.org/ns/project-private/1">
    <editor-bookmarks xmlns="http://www.netbeans.org/ns/editor-bookmarks/2" lastBookmarkId="0"/>
    <open-files xmlns="http://www.netbeans.org/ns/projectui-open-files/2">
        <group>
            <file>file:/Users/macbookpro/NetBeansProjects/Sistema-de-Ventas-Java---Escritorio-master%202/src/modelo/CRUD.java</file>
            <file>file:/Users/macbookpro/NetBeansProjects/Sistema-de-Ventas-Java---Escritorio-master%202/src/vistas/Principal.java</file>
            <file>file:/Users/macbookpro/NetBeansProjects/Sistema-de-Ventas-Java---Escritorio-master%202/src/vistas/LoginForm.java</file>
            <file>file:/Users/macbookpro/NetBeansProjects/Sistema-de-Ventas-Java---Escritorio-master%202/src/vistas/CapturasForm.java</file>
            <file>file:/Users/macbookpro/NetBeansProjects/Sistema-de-Ventas-Java---Escritorio-master%202/src/vistas/ProveedorForm.java</file>
            <file>file:/Users/macbookpro/NetBeansProjects/Sistema-de-Ventas-Java---Escritorio-master%202/src/vistas/ProductoForm.java</file>
        </group>
    </open-files>
</project-private>
